{
  "shape_id": "turf.track_registry.v1",
  "version": "0.1.0",
  "generated_at_local": "2025-12-09T10:45:00+11:00",
  "source_of_truth": [
    "RACING_AU_FREEFIELDS",
    "RACING_AND_SPORTS_TRACK_LISTS"
  ],
  "states": {
    "NSW": {
      "tracks": [
        {
          "canonical": "Royal Randwick",
          "code": "RANDWICK",
          "aliases": [
            "Randwick",
            "Royal Randwick Racecourse",
            "Sydney Randwick"
          ]
        },
        {
          "canonical": "Rosehill Gardens",
          "code": "ROSEHILL",
          "aliases": [
            "Rosehill",
            "Rosehill Racecourse",
            "Rosehill Gdns"
          ]
        },
        {
          "canonical": "Wagga",
          "code": "WAGGA",
          "aliases": [
            "Wagga Wagga",
            "Murrumbidgee Turf Club",
            "Wagga (Riverside)",
            "Wagga Riverside",
            "MTC Wagga"
          ]
        },
        {
          "canonical": "Ballina",
          "code": "BALLINA",
          "aliases": [
            "Ballina Jockey Club",
            "Ballina JC"
          ]
        }
      ]
    }
  }
}